{"cameraMode":{"drawMode":0,"name":"Shaded","section":"Shading Mode"},"sceneLighting":true,"audioPlay":false,"sceneViewState":{"m_AlwaysRefresh":false,"showFog":true,"showSkybox":true,"showFlares":true,"showImageEffects":true,"showParticleSystems":true,"showVisualEffectGraphs":true,"m_FxEnabled":true},"in2DMode":false,"pivot":{"x":81.89146423339844,"y":164.95465087890626,"z":173.99041748046876},"rotation":{"x":0.01918337121605873,"y":0.02609073370695114,"z":0.0004914213786832988,"w":-0.9994890093803406},"size":559.274658203125,"orthographic":false}